{"city_freq_median": 0.0036904908352810924, "loc_freq_median": 0.0004920654447041457, "best_model_name": "Gradient Boosting"}