{"Hammamet": 0.1874769344322795, "La Marsa": 0.15389346783122154, "La Soukra": 0.08352810923852873, "Ariana Ville": 0.06802804773034814, "Sousse Ville": 0.04674621724689384, "Nabeul": 0.04207159552220446, "Le Kram": 0.03961126829868372, "Djerba": 0.0357977611022266, "El Menzah": 0.030754090294009103, "Bizerte Nord": 0.02644851765284783, "El Mourouj": 0.019067535982285645, "Raoued": 0.018575470537581497, "Hammam Sousse": 0.01820642145405339, "Tunis": 0.013654816090540043, "Le Bardo": 0.013531799729364006, "Boumhel Bassatine": 0.011932587034075532, "Monastir Ville": 0.011809570672899495, "Carthage": 0.010702423422315168, "Hammam Chatt": 0.010333374338787059, "Rades": 0.009349243449378767, "Midoun": 0.008488128921146513, "Akouda": 0.008488128921146513, "La Manouba": 0.007996063476442368, "Unknown": 0.007996063476442368, "Mahdia Ville": 0.00787304711526633, "Nouvelle Medina": 0.007503998031738221, "Ezzahra": 0.006888916225858039, "Sousse Jaouhara": 0.006765899864682003, "Mornag": 0.006273834419977857, "Sfax Ville": 0.004428589002337311, "Mnihla": 0.004305572641161275, "Ben Arous": 0.004182556279985238, "Cit\u00e9 El Khadra": 0.004182556279985238, "Gab\u00e8s Ville": 0.0036904908352810924, "M\u00e9grine": 0.0036904908352810924, "Douz": 0.0036904908352810924, "Fouchana": 0.003567474474105056, "Hammam Lif": 0.0034444581129290195, "La Goulette": 0.0030754090294009104, "El Omrane Superieur": 0.0028293763070488375, "Houmt Souk": 0.0027063599458728013, "Kairouan Ville": 0.0027063599458728013, "Mohamadia": 0.0024603272235207284, "B\u00e9ja": 0.0024603272235207284, "El Ouardia": 0.0024603272235207284, "El Hrairia": 0.0023373108623446917, "Sousse Riadh": 0.0022142945011686555, "El Omrane": 0.0022142945011686555, "Beni Khiar": 0.0022142945011686555, "Tabarka": 0.0019682617788165826, "Sidi Hassine": 0.0018452454176405462, "Sidi Thabet": 0.0015992126952884733, "Ettahrir": 0.0013531799729364006, "Sakiet Ezzit": 0.0011071472505843278, "Mornaguia": 0.0011071472505843278, "Sakiet Eddaier": 0.0009841308894082913, "Ettadhamen": 0.0009841308894082913, "El Kabaria": 0.0008611145282322549, "Oued Ellil": 0.0008611145282322549, "Bizerte Sud": 0.0007380981670562184, "Jedaida": 0.0007380981670562184, "Douar Hicher": 0.0007380981670562184, "Sfax Sud": 0.0004920654447041457, "Menzel Chaker": 0.0004920654447041457, "Sfax Ouest": 0.0003690490835281092, "Metline": 0.0003690490835281092, "Ajim": 0.00024603272235207283, "Kalaat Landalous": 0.00012301636117603641, "Borj El Amri": 0.00012301636117603641, "Tebourba": 0.00012301636117603641, "El Battan": 0.00012301636117603641}