{"Hammamet": 0.06236929511625046, "La Soukra": 0.046008119079837616, "Hammamet Nord": 0.04293271005043671, "Les Jardins de Carthage": 0.0348136302128183, "La Marsa": 0.032722352072825686, "K\u00e9libia": 0.03198425390576947, "Djerba": 0.025464386763439536, "Cit\u00e9 Ennasr 2": 0.022265961372862592, "Cit\u00e9 El Wafa": 0.022142945011686555, "Hammamet Sud": 0.020420715955222043, "Gammarth": 0.01955960142698979, "Les Berges Du Lac 2": 0.018575470537581497, "Aouina": 0.018575470537581497, "Ain Zaghouan Nord": 0.017714356009349244, "Nabeul": 0.016361176036412843, "Chotrana 1": 0.015254028785828514, "Sahloul": 0.014269897896420225, "El Menzah 9": 0.012793701562307786, "Yasmine Hammamet": 0.011440521589371387, "Hammam Sousse": 0.011440521589371387, "Bizerte": 0.01094845614466724, "Le Bardo": 0.009718292532906877, "Ariana": 0.00861114528232255, "Borj Cedria": 0.008488128921146513, "Le Kram": 0.008365112559970475, "Bou Mhel": 0.007996063476442368, "Riadh al Andalous": 0.007503998031738221, "Midoune": 0.007503998031738221, "El Kantaoui": 0.007380981670562185, "Borj Louzir": 0.0066428835035059666, "La Manouba": 0.0065198671423299295, "Raoued": 0.006396850781153893, "El Manar 1": 0.006273834419977857, "Nouvelle Medina": 0.006150818058801821, "Carthage": 0.0060278016976257846, "Ezzahra": 0.005658752614097675, "Les Berges Du Lac 1": 0.005658752614097675, "Gammarth Sup\u00e9rieur": 0.005535736252921639, "Cit\u00e9 Ennasr 1": 0.0052897035305695655, "Sousse Ville": 0.004920654447041457, "El Menzah 5": 0.00479763808586542, "El Mourouj 6": 0.0046746217246893835, "Cit\u00e9 el Ghazela": 0.004551605363513347, "Mutuelle Ville": 0.004551605363513347, "Khezama Ouest": 0.004551605363513347, "Chott Meriem": 0.004428589002337311, "Les Jardins d'El Menzah 2": 0.004428589002337311, "Hergla": 0.004305572641161275, "Mornag": 0.004305572641161275, "Akouda": 0.004305572641161275, "El Menzah 7": 0.004182556279985238, "Monastir Ville": 0.004182556279985238, "Ben Arous": 0.003936523557633165, "Sidi Daoued": 0.0038135071964571286, "Gammarth Village": 0.0036904908352810924, "Houmt Souk": 0.0036904908352810924, "Bhar Lazreg": 0.0036904908352810924, "Sidi El Mahrsi": 0.0034444581129290195, "El Aouina": 0.0034444581129290195, "El Haouaria": 0.0034444581129290195, "Sousse Corniche": 0.0033214417517529833, "Midoun": 0.0033214417517529833, "Ariana Ville": 0.0031984253905769466, "Chotrana 3": 0.0031984253905769466, "Zone Touristique": 0.0031984253905769466, "El Mourouj 3": 0.0031984253905769466, "El Mourouj 4": 0.0031984253905769466, "Mnihla": 0.0031984253905769466, "Mahdia Ville": 0.0030754090294009104, "Bab Bhar": 0.0029523926682248737, "Ain Zaghouan Sud": 0.0029523926682248737, "Tezdaine": 0.0029523926682248737, "Ras Jebel": 0.0029523926682248737, "Tantana": 0.0029523926682248737, "Bouhssina": 0.0028293763070488375, "El Mourouj 1": 0.0028293763070488375, "El Menzah 6": 0.0028293763070488375, "La Goulette": 0.0028293763070488375, "Nouvelle Ariana": 0.0027063599458728013, "Soliman": 0.0027063599458728013, "Chotrana 2": 0.0025833435846967646, "El Menzah 1": 0.0025833435846967646, "Les Jardins d'El Menzah 1": 0.0025833435846967646, "Hammam Lif": 0.0025833435846967646, "El Mourouj 5": 0.0024603272235207284, "Montfleury": 0.0024603272235207284, "Cit\u00e9 Ennkhilet": 0.0023373108623446917, "Cit\u00e9 Les Pins": 0.0023373108623446917, "El Menzah": 0.0023373108623446917, "El Manar 2": 0.0023373108623446917, "Sousse Riadh": 0.0022142945011686555, "Raf Raf": 0.0022142945011686555, "Sousse Jaouhara": 0.0022142945011686555, "Rades Meliane": 0.0022142945011686555, "Dar Ch\u00e2abane": 0.002091278139992619, "Avenue Khezama": 0.0019682617788165826, "Cit\u00e9 El Khalil": 0.0019682617788165826, "Rades Plage": 0.0019682617788165826, "Khaznadar": 0.0019682617788165826, "Beni Khiar": 0.0019682617788165826, "La Medina": 0.0019682617788165826, "Tunis": 0.0019682617788165826, "El Omrane Sup\u00e9rieur": 0.0018452454176405462, "Hammam El Ghezaz": 0.0018452454176405462, "Sousse Khezama": 0.0018452454176405462, "Korba": 0.0018452454176405462, "Gab\u00e8s": 0.0017222290564645098, "Zaghouan": 0.0017222290564645098, "Cit\u00e9 Bou Mhel": 0.0017222290564645098, "Cit\u00e9 de la Plage": 0.0017222290564645098, "Carthage Byrsa": 0.0015992126952884733, "Skanes": 0.0015992126952884733, "Hammam Chatt": 0.0015992126952884733, "Ennasr": 0.0015992126952884733, "Medenine": 0.0015992126952884733, "Dar Fadhal": 0.0015992126952884733, "Cit\u00e9 El Agba": 0.0014761963341124369, "Rad\u00e8s": 0.0014761963341124369, "Centre Urbain Nord": 0.0014761963341124369, "Sidi Hassine": 0.0014761963341124369, "Chatt Meriem": 0.0014761963341124369, "Aghir": 0.0014761963341124369, "Menzel Jemil": 0.0014761963341124369, "Cit\u00e9 des Juges": 0.0014761963341124369, "Bab El Khadra": 0.0014761963341124369, "Cit\u00e9 Erriadh": 0.0014761963341124369, "Bizerte Le Corniche": 0.0014761963341124369, "Hiboun": 0.0013531799729364006, "El Menzah 8": 0.0013531799729364006, "El Yasminette": 0.0013531799729364006, "Khezama": 0.0013531799729364006, "Denden": 0.0012301636117603642, "Cit\u00e9 El Khadra": 0.0012301636117603642, "El Omrane": 0.0012301636117603642, "Barraket Essahel": 0.0012301636117603642, "Gab\u00e8s Sud": 0.0012301636117603642, "Salambo": 0.0012301636117603642, "Ksar Said": 0.0012301636117603642, "El Ouardia": 0.0012301636117603642, "Cit\u00e9 Du Stade": 0.0012301636117603642, "Cit\u00e9 Ain Meriem": 0.0012301636117603642, "Midoun zone touristique": 0.0011071472505843278, "El Mourouj 2": 0.0011071472505843278, "Sidi Bousaid": 0.0011071472505843278, "Ariana Essoghra": 0.0011071472505843278, "Ksar Hellal": 0.0011071472505843278, "Cit\u00e9 Ennour Jaafar": 0.0009841308894082913, "Bizerte Centre Ville": 0.0009841308894082913, "El Hrairia": 0.0009841308894082913, "Kal\u00e2a Sghira": 0.0009841308894082913, "Sijoumi": 0.0009841308894082913, "Cit\u00e9 El Menzah": 0.0009841308894082913, "El Menzah 4": 0.0009841308894082913, "M\u00e9grine": 0.0009841308894082913, "Jaafar": 0.0009841308894082913, "Douar Hicher": 0.0008611145282322549, "Megrine Coteau": 0.0008611145282322549, "Tabarka Ville": 0.0008611145282322549, "Cit\u00e9 Jaouhara": 0.0008611145282322549, "Bizerte Nord": 0.0008611145282322549, "Sidi Bechir": 0.0008611145282322549, "Meghira Centre": 0.0008611145282322549, "Montplaisir": 0.0008611145282322549, "Fouchana": 0.0008611145282322549, "Hammam Ghez\u00e8ze": 0.0008611145282322549, "Ghar El Melh": 0.0008611145282322549, "Bouchoucha": 0.0008611145282322549, "Cit\u00e9 Essalem": 0.0008611145282322549, "Cit\u00e9 Jardins": 0.0008611145282322549, "Bellevue": 0.0008611145282322549, "El Maamoura": 0.0007380981670562184, "Bir Bouregba": 0.0007380981670562184, "Cit\u00e9 Ennouzha": 0.0007380981670562184, "Cit\u00e9 Olympique": 0.0007380981670562184, "Sidi Frej": 0.0007380981670562184, "Sfax Ville": 0.0007380981670562184, "Grombalia": 0.0007380981670562184, "Beja Nord": 0.0007380981670562184, "Bab Souika": 0.0007380981670562184, "Ettahrir": 0.0007380981670562184, "Tunis Belvedere": 0.0007380981670562184, "Medjez El Bab": 0.0007380981670562184, "Mahdia": 0.0007380981670562184, "Cit\u00e9 El Bassatine Ancien": 0.0006150818058801821, "Rejiche": 0.0006150818058801821, "Charguia 2": 0.0006150818058801821, "Oued Ellil": 0.0006150818058801821, "Cit\u00e9 Panorama": 0.0006150818058801821, "Zarzouna": 0.0006150818058801821, "Zarzis": 0.0006150818058801821, "Sidi Thabet": 0.0006150818058801821, "Beni Khalled": 0.0006150818058801821, "Sidi Abdelhamid": 0.0006150818058801821, "Megrine Jaouhara": 0.0006150818058801821, "Cit\u00e9 Ennasr": 0.0006150818058801821, "Bab Jazira": 0.0006150818058801821, "Sidi Salah": 0.0006150818058801821, "Utique": 0.0006150818058801821, "Marsa Erriadh": 0.0006150818058801821, "Cit\u00e9 Mohamed Ali": 0.0006150818058801821, "Cit\u00e9 El Behi Ladghem": 0.0004920654447041457, "Bab bhar": 0.0004920654447041457, "El Fahs": 0.0004920654447041457, "Mornaguia": 0.0004920654447041457, "Abou El Kacem Chebbi": 0.0004920654447041457,